{
  "best_metric": 0.7254901960784313,
  "best_model_checkpoint": "log/5p_mix_easy-first_mean-double-finetune/5p_mix_easy-first_double-mean-finetuned-mrpc/checkpoint-690",
  "epoch": 3.0,
  "global_step": 690,
  "is_hyper_param_search": false,
  "is_local_process_zero": true,
  "is_world_process_zero": true,
  "log_history": [
    {
      "epoch": 1.0,
      "eval_accuracy": 0.7083333333333334,
      "eval_f1": 0.814352574102964,
      "eval_loss": 0.5814228653907776,
      "eval_runtime": 0.2781,
      "eval_samples_per_second": 1466.951,
      "eval_steps_per_second": 93.482,
      "step": 230
    },
    {
      "epoch": 2.0,
      "eval_accuracy": 0.7034313725490197,
      "eval_f1": 0.8158295281582952,
      "eval_loss": 0.6196073889732361,
      "eval_runtime": 0.2719,
      "eval_samples_per_second": 1500.451,
      "eval_steps_per_second": 95.617,
      "step": 460
    },
    {
      "epoch": 2.17,
      "learning_rate": 5.507246376811595e-06,
      "loss": 0.5849,
      "step": 500
    },
    {
      "epoch": 3.0,
      "eval_accuracy": 0.7254901960784313,
      "eval_f1": 0.8108108108108109,
      "eval_loss": 0.6077341437339783,
      "eval_runtime": 0.2771,
      "eval_samples_per_second": 1472.368,
      "eval_steps_per_second": 93.827,
      "step": 690
    }
  ],
  "max_steps": 690,
  "num_train_epochs": 3,
  "total_flos": 429598686749280.0,
  "trial_name": null,
  "trial_params": null
}
