{
  "best_metric": 0.696078431372549,
  "best_model_checkpoint": "log/1p_mix_easy-first_double-finetune/1p_mix_easy-first_double-finetuned-mrpc/checkpoint-230",
  "epoch": 3.0,
  "global_step": 690,
  "is_hyper_param_search": false,
  "is_local_process_zero": true,
  "is_world_process_zero": true,
  "log_history": [
    {
      "epoch": 1.0,
      "eval_accuracy": 0.696078431372549,
      "eval_f1": 0.8074534161490682,
      "eval_loss": 0.5857746005058289,
      "eval_runtime": 0.2798,
      "eval_samples_per_second": 1458.202,
      "eval_steps_per_second": 92.925,
      "step": 230
    },
    {
      "epoch": 2.0,
      "eval_accuracy": 0.6911764705882353,
      "eval_f1": 0.8067484662576686,
      "eval_loss": 0.6064620018005371,
      "eval_runtime": 0.2793,
      "eval_samples_per_second": 1460.571,
      "eval_steps_per_second": 93.076,
      "step": 460
    },
    {
      "epoch": 2.17,
      "learning_rate": 5.507246376811595e-06,
      "loss": 0.592,
      "step": 500
    },
    {
      "epoch": 3.0,
      "eval_accuracy": 0.678921568627451,
      "eval_f1": 0.7855973813420621,
      "eval_loss": 0.6127209663391113,
      "eval_runtime": 0.2759,
      "eval_samples_per_second": 1478.942,
      "eval_steps_per_second": 94.246,
      "step": 690
    }
  ],
  "max_steps": 690,
  "num_train_epochs": 3,
  "total_flos": 429598686749280.0,
  "trial_name": null,
  "trial_params": null
}
